{"cameraMode":{"drawMode":0,"name":"Shaded","section":"Shading Mode"},"sceneLighting":true,"audioPlay":false,"sceneViewState":{"showFog":true,"showMaterialUpdate":false,"showSkybox":true,"showFlares":true,"showImageEffects":true,"showParticleSystems":true},"in2DMode":false,"pivot":{"x":271.61077880859377,"y":873.9876708984375,"z":15.26251220703125},"rotation":{"x":-0.0198080912232399,"y":0.005096514709293842,"z":-0.00010111583105754107,"w":-0.9997920989990234},"size":770.8780517578125,"orthographic":false}