{"cameraMode":{"drawMode":0,"name":"Shaded","section":"Shading Mode"},"sceneLighting":true,"audioPlay":false,"sceneViewState":{"showFog":true,"showMaterialUpdate":false,"showSkybox":true,"showFlares":true,"showImageEffects":true,"showParticleSystems":true},"in2DMode":false,"pivot":{"x":990.7614135742188,"y":580.6229248046875,"z":-5.9161376953125},"rotation":{"x":-0.0198080912232399,"y":0.005096514709293842,"z":-0.00010111583105754107,"w":-0.9997920989990234},"size":1442.548583984375,"orthographic":false}