{"cameraMode":{"drawMode":0,"name":"Shaded","section":"Shading Mode"},"sceneLighting":true,"audioPlay":false,"sceneViewState":{"showFog":true,"showMaterialUpdate":false,"showSkybox":true,"showFlares":true,"showImageEffects":true,"showParticleSystems":true},"in2DMode":false,"pivot":{"x":-958.7589721679688,"y":513.17138671875,"z":144.14990234375},"rotation":{"x":-0.09761979430913925,"y":-0.02627311274409294,"z":0.002577811712399125,"w":-0.9948751330375671},"size":497.76611328125,"orthographic":false}