{"cameraMode":{"drawMode":0,"name":"Shaded","section":"Shading Mode"},"sceneLighting":true,"audioPlay":false,"sceneViewState":{"showFog":true,"showMaterialUpdate":false,"showSkybox":true,"showFlares":true,"showImageEffects":true,"showParticleSystems":true},"in2DMode":false,"pivot":{"x":863.8736572265625,"y":684.8624267578125,"z":-3.0753173828125},"rotation":{"x":-0.0198080912232399,"y":0.005096514709293842,"z":-0.00010111583105754107,"w":-0.9997920989990234},"size":1052.9842529296875,"orthographic":false}